ad_url,brand,start_date,days_running,format,leads_with,hook_first_line
https://www.facebook.com/ads/library/?id=1018072326966650,UpAiry (page: UpAiry),2025-05-03,519,video,plain claim,"""My toddler had 7 accidents in one day—it was exhausting and stressful for both of us..."""
https://www.facebook.com/ads/library/?id=1084202340357288,UpAiry (page: UpAiry) — MOST-DUPLICATED (3 dups),2025-06-14,477,video,plain claim,"""My toddler had 7 accidents in one day—it was exhausting and stressful for both of us..."""
https://www.facebook.com/ads/library/?id=1393921261712863,UpAiry (page: Emma's Mom Hacks),2025-08-22,410,video,mechanism,"""These actually made my toddler want to use the potty."" 🧠 Designed to teach independence"
https://www.facebook.com/ads/library/?id=808830598602806,UpAiry (page: Emma's Mom Hacks),2025-11-03,337,image,identity,My son is 4 and a half and he's STILL in diapers full-time.
https://www.facebook.com/ads/library/?id=26097777756477036,UpAiry (page: Emma's Mom Hacks),2025-11-19,321,image,identity,F*CK POTTY TRAINING (respectfully).
https://www.facebook.com/ads/library/?id=1117879153560975,UpAiry (page: Emma's Mom Hacks),2025-12-06,304,image,bigger claim,"My son (26mo) potty trained in 3 days, while his older sister took almost a year."
https://www.facebook.com/ads/library/?id=864099159353156,UpAiry (page: Raising Toddlers with Bec),2025-12-26,283,image,upgraded mechanism,92% of children in 1957 were potty trained by 18 months.
https://www.facebook.com/ads/library/?id=1529550321663011,UpAiry (page: Raising Toddlers with Bec),2026-01-04,274,image,plain claim,My daughter's daycare is kicking her out in 30 days.
https://www.facebook.com/ads/library/?id=1416810516666498,UpAiry (page: Raising Toddlers with Bec),2026-01-14,264,image,plain claim,We lost my daughter's preschool spot.
https://www.facebook.com/ads/library/?id=3053238634847995,UpAiry (page: Raising Toddlers with Bec),2026-01-20,258,image,mechanism,**Please STOP using diapers when potty training your toddler.**
https://www.facebook.com/ads/library/?id=1524453442184112,UpAiry (page: Raising Toddlers with Bec) — WORKING-PARENT angle,2026-01-29,250,image,identity,"(body) ""I work full-time in marketing… how to potty train while working full-time"" — ""Trained in 2 weeks working full-time. My SAHM friend took 6 months."""
https://www.facebook.com/ads/library/?id=1226745522229498,UpAiry (page: Tina Tabellen) — WORKING-PARENT angle,2026-01-31,248,image,identity,I work full-time and everyone says I need days off to potty train
https://www.facebook.com/ads/library/?id=2402543790187559,UpAiry (page: Motherhood with Kate) — DAYCARE-EDUCATOR authority,2026-02-13,235,image,identity,I've worked in early childhood education for 11 years. I've helped potty train hundreds of kids across three different daycares.
https://www.facebook.com/ads/library/?id=987457800421649,UpAiry (page: Motherhood with Kate),2026-04-18,171,image,bigger claim,Potty training pants are a SCAM!! Who in their right mind would pay $21.00 for underwear?
https://www.facebook.com/ads/library/?id=2180542355823055,UpAiry (page: Kereisa Collens) — lands on /pages/daycare-mandate,2026-06-09,119,image,upgraded mechanism,"(links upairy.com/pages/daycare-mandate) ""In Pasco County, Florida, at least 10 children in every single one of the district's 52 elementary schools arrived…"""
https://www.facebook.com/ads/library/?id=1710718716838916,UpAiry (page: Kereisa Collens),2026-07-05,93,image,plain claim,Did you see what just happened in Maryland? A school board just passed a law making teachers responsible for potty training kindergartners
https://www.facebook.com/ads/library/?id=1369395864500571,Kid Confident,2025-01-09,20,video,plain claim,"""My kid had 7 accidents in 1 day while potty training…"" (headline: ""Ditch the diapers in 3 days? Yeah, right."")"
https://www.facebook.com/ads/library/?id=1352650996187895,Kid Confident,2025-03-13,176,video,plain claim,"""My kid had 7 accidents in 1 day while potty training…"""
https://www.facebook.com/ads/library/?id=1680411235822274,Kid Confident — MOST-DUPLICATED (activeSeen 40),2025-07-13,54,image,plain claim,"""My kid had 7 accidents in 1 day while potty training…"""
https://www.facebook.com/ads/library/?id=807035319088847,Kid Confident,2026-02-04,233,video,plain claim,"""My kid had 7 accidents in 1 day while potty training…"""
https://www.facebook.com/ads/library/?id=1266658052036762,Kid Confident,2026-02-04,233,video,plain claim,"""My kid had 7 accidents in 1 day while potty training…"""
https://www.facebook.com/ads/library/?id=1414834347092382,Kid Confident — lands on /pages/adv01-feedbackloop,2026-02-04,233,video,plain claim,"""My kid had 7 accidents in 1 day while potty training…"""
https://www.facebook.com/ads/library/?id=1527142692744470,Kid Confident,2026-02-24,213,video,mechanism,I've potty trained 4 boys. And I got it wrong the first time.
https://www.facebook.com/ads/library/?id=1475317014328399,Kid Confident,2026-03-27,182,image,mechanism,"SO many of the common ""potty training struggles"" are tied to one often overlooked fact... Disposables HIDE the wetness!"
https://www.facebook.com/ads/library/?id=26169591979346841,Kid Confident — Big Kid Sizes,2026-03-31,165,image,identity,🎉 BIG KID SIZES ARE FINALLY HERE 🎉 … Not every kid is potty trained by 3
https://www.facebook.com/ads/library/?id=2756605468070258,Kid Confident — lands on /pages/btsof-01,2026-08-12,55,image,plain claim,"""My kid had 7 accidents in 1 day while potty training…"""
https://www.facebook.com/ads/library/?id=2337683216765017,Kid Confident — listicle /pages/4-potty-training-methods-i-wish-we-avoided,2026-08-19,48,image,mechanism,We spent a year trying every potty training method out there… Sticker charts. The 3-day method. Pull-ups.
https://www.facebook.com/ads/library/?id=1334267775307239,Kid Confident,2026-09-25,11,image,upgraded mechanism,My son's potty-training problem finally made sense when I realized what happened in the 3 seconds AFTER he peed.
https://www.facebook.com/ads/library/?id=876351872098995,BrightKidCo,2026-04-03,2,video,mechanism,Most potty training methods either teach your toddler nothing — or leave you scrubbing floors
https://www.facebook.com/ads/library/?id=1284940510024557,BrightKidCo,2026-05-22,5,video,mechanism,Your toddler isn't stubborn. You're not doing it wrong. The pull-up is the problem. ❌
https://www.facebook.com/ads/library/?id=995947282874787,BrightKidCo,2026-05-29,6,image,bigger claim,You're on a deadline to potty train your toddler. (caption: Fastest Way To Potty Train; '30 Days Potty Trained Promise')
https://www.facebook.com/ads/library/?id=974231442096143,BrightKidCo,2026-06-28,4,image,mechanism,If your toddler is still in pull-ups — this is probably why they're not learning. (caption: Potty Trained in 7 Days)
https://www.facebook.com/ads/library/?id=1010763088028646,BrightKidCo,2026-07-03,9,video,identity,Potty training isn't a f*cking contest. (caption: Potty Trained In 1-2 Weeks.)
https://www.facebook.com/ads/library/?id=1391006829814343,BrightKidCo,2026-07-10,4,video,plain claim,Preschool won't take her in a pull-up? Here's what finally works.
https://www.facebook.com/ads/library/?id=4500117946933309,BrightKidCo — autism/sensory PDP,2026-07-20,42,video,identity,Finally — potty training built for how autistic kids' brains actually learn. (caption: Autistic kid still in Pull-Ups?)
https://www.facebook.com/ads/library/?id=1008584585545822,BrightKidCo,2026-08-31,5,video,upgraded mechanism,"Your toddler isn't late. The diaper is keeping them that way. In the 1950s, kids were out…"
https://www.facebook.com/ads/library/?id=1077776494983314,BrightKidCo — Happy Poop gummies,2026-09-02,3,image,bigger claim,Here's the thing about picky eaters and fiber. (caption: Autism Constipation SOLVED!)
https://www.facebook.com/ads/library/?id=1383464547283538,BrightKidCo,2026-09-10,7,video,mechanism,The Oh Crap method turned potty training into a nightmare? You're not the problem
https://www.facebook.com/ads/library/?id=1385603553291805,BrightKidCo,2026-09-10,7,video,plain claim,Your toddler was potty trained. Then the accidents came back.
https://www.facebook.com/ads/library/?id=1121207980499176,BrightKidCo,2026-09-17,4,video,mechanism,The Oh Crap method turned potty training into a nightmare? You're not the problem
